mode,travel_time_min,sdc,total_cost,count
carpool,6.531442846006661,9.428096250149538,11.318379710801885,70555
walk,49.67407228829637,56.64592081716192,71.54814250365084,29445
